ID da Propriedade,Endereço,Tipo,Quartos,Banheiros,Área (m²),Preço ($),Data de Construção,Garagem,Descrição
1,"PSC 3721, Box 0084, APO AP 95069",Apartamento,5,1,261,240195.78,1996-02-02,Sim,Investment church away yourself themselves language arm develop reason author moment image develop full.
2,"91292 Stewart Highway Apt. 698, East Kellyberg, AL 23005",Loft,5,3,368,1133948.18,2015-08-09,Não,Letter name part doctor skin near author discussion here customer democratic prevent enough recent.
3,"911 Christine Ridge, Alvaradoview, AZ 08517",Terreno,1,1,260,351661.5,2021-07-06,Sim,Election plant tax dark majority compare rate best only serious simply.
4,"93780 Christopher Via Apt. 405, Williamsberg, NY 86826",Loft,6,4,167,279595.6,2012-05-31,Sim,Thought deal animal adult fear investment beautiful read authority gun.
5,"722 Leonard Avenue Suite 801, Lake Dawn, DC 77048",Chácara,1,4,402,1799234.19,2011-09-10,Não,Unit participant central admit fast industry.
6,"6912 Kimberly Island, Dayland, IL 47297",Casa,2,2,162,1799934.01,2007-03-13,Não,Street candidate will loss responsibility finish boy some best those since.
7,"26979 Robertson Cape, Murphyland, ID 20490",Casa,6,3,426,635614.97,1991-03-17,Sim,Rich break space edge professional wife generation half board.
8,"27183 Sanchez Union, Lake Amymouth, CO 06907",Terreno,2,3,223,182680.53,1997-03-27,Não,Book front be value today run alone star word model decide yes.
9,"PSC 5858, Box 3085, APO AE 59993",Apartamento,5,3,280,1986953.04,1997-08-25,Não,Culture pass idea cause resource same.
10,"031 Amy Vista, South Jeanbury, MN 79115",Condomínio,4,1,128,1364475.32,1998-06-24,Não,Class discuss follow floor argue range range begin man decision show.
11,"7691 Mary Street Suite 889, Dixonhaven, MI 97832",Condomínio,2,4,299,1317923.79,2021-06-18,Não,See professor great employee policy on beyond main month too south.
12,"6109 Williams Rapid, West Jeremy, DC 30204",Casa,4,1,148,1818952.97,2000-02-03,Não,Effort president citizen onto mind body water would.
13,"46480 Alexis Valley, Jessicachester, OR 14518",Chácara,3,4,268,792647.94,1992-08-09,Sim,Step red science other build collection course current decision.
14,"PSC 7796, Box 1653, APO AP 51185",Apartamento,2,2,398,1883620.51,2019-08-13,Sim,Fear sit fact believe perform any itself husband young beat stock.
15,"Unit 4653 Box 4485, DPO AA 71013",Casa,3,4,334,182898.61,2021-11-21,Não,Provide ahead body level east blue book technology.
16,"4155 Larry Port Apt. 832, Davidsonfurt, TN 16650",Condomínio,1,2,374,113901.13,1997-05-07,Sim,Court list common wonder social company Mr cold they if.
17,"583 Michael Expressway, Hendersonmouth, VA 50904",Casa,4,3,235,456383.22,2015-10-03,Não,Stage officer talk reveal far tend food account unit something finish big case.
18,"50918 Flores Brooks Suite 683, Caldwellside, VT 11709",Casa,6,1,390,492896.99,2002-01-27,Sim,Represent teacher officer garden few front huge whole affect.
19,"98195 Katherine Stream, Lake Laurie, MA 90932",Condomínio,3,2,353,1975040.25,2011-06-03,Sim,Mouth sell unit low seek until defense.
20,"589 Ramos Coves Suite 712, New Sylvia, WI 30181",Loft,4,1,231,1604877.75,2014-08-29,Não,She build often current company himself issue walk many none per.
21,"875 Smith Pines, West Michael, PR 96914",Terreno,4,4,267,465195.36,2006-03-22,Sim,Good reveal though buy house bit system.
22,"049 Robinson Gardens, Richardtown, NM 83246",Condomínio,2,3,365,1225006.23,2010-11-15,Não,Fight system now indicate him explain approach treatment rock under red Mrs.
23,"867 Miller Course Apt. 010, South Christinamouth, ME 75385",Loft,2,3,477,1537528.65,2013-04-12,Sim,Foot medical some employee physical night message father wear.
24,"Unit 6022 Box 1105, DPO AA 37605",Chácara,6,1,371,816048.49,1998-12-07,Não,Page wife current factor set sing including him fish mother.
25,"14441 Burke Rapids Apt. 029, Garciaton, GU 25863",Loft,2,1,261,807386.64,2012-07-17,Não,Old while her pretty song successful board blood good.
26,"4371 John Locks, West Crystal, VA 57123",Terreno,4,2,143,1199903.94,2003-02-20,Não,Among mission deep tough fear with despite hold such throughout debate election sound bed.
27,"886 Victor Light, South Shawnside, WA 16631",Condomínio,1,4,111,1661282.64,2020-04-25,Não,Question rise trip price off top choose different even.
28,"84644 Serrano Garden Suite 622, Bethfort, LA 73499",Terreno,6,3,203,705938.67,2018-02-11,Não,Former bad world clear fine church type best see.
29,"664 Green Parkway Apt. 282, Anaton, TN 86475",Terreno,2,3,310,1124423.35,2000-08-16,Sim,Popular information party general chair pattern blue question know even.
30,"9815 Smith Crossroad Apt. 007, Warrenville, ND 58847",Casa,2,3,56,334723.39,2014-08-14,Sim,Shoulder participant focus learn see alone also however.
31,"103 Jackson Crossroad, Bradleyland, IA 19633",Casa,5,4,107,595471.3,1997-01-08,Sim,On image story walk significant great four campaign.
32,"323 Foley Inlet, South Lauren, SC 66456",Loft,1,2,222,339257.91,2005-12-06,Não,Career discuss raise poor play couple candidate his concern only rich.
33,"994 Walker Ways, Port Alice, IA 76677",Casa,2,1,433,198711.63,1998-09-01,Não,Prevent wear plant base occur provide take offer performance.
34,"883 Mathis River, South Curtisshire, FM 89442",Chácara,5,3,241,1986889.77,2011-06-24,Não,Approach part box now real project store prepare agree yeah.
35,"146 Mark Drives Suite 010, Lorifort, VT 00630",Condomínio,5,4,329,893392.02,2006-05-22,Não,Goal debate you western beat soldier town state.
36,"549 Joseph Spring Apt. 585, West Allison, NC 68884",Apartamento,5,4,220,449584.85,2000-08-12,Não,Opportunity claim for he society few.
37,"PSC 2255, Box 9463, APO AP 21604",Casa,2,4,498,347828.37,2011-07-05,Sim,Feeling bill participant collection top simple produce so.
38,"USNS Wilson, FPO AP 82812",Condomínio,3,4,262,1572658.05,2012-12-11,Sim,News there safe family enough character human increase imagine.
39,"38061 Margaret Divide Apt. 003, South Joseph, MN 51444",Condomínio,6,3,348,703452.44,2018-01-05,Não,Deal parent let very federal hit material draw be detail by within.
40,"57289 Cohen Avenue, Gregoryton, CO 57860",Chácara,4,4,123,123987.51,2012-08-25,Não,Rock anything yet without protect rather challenge go offer item social property scientist.
41,"4191 Darren Track Apt. 205, Johnburgh, OR 18524",Casa,4,2,136,1912945.04,2012-09-11,Não,Try important good consumer decide admit attorney school medical against where major.
42,"69249 Patricia Dale, Smithburgh, CT 50961",Chácara,5,4,236,1099644.31,2010-05-08,Não,Year much property practice state machine simple common give nor ever result figure.
43,"USCGC Reynolds, FPO AP 54520",Casa,6,4,64,1440552.6,1994-06-30,Não,Whom goal bring nature serve experience item.
44,"553 Taylor Camp Apt. 951, East Annette, CT 46254",Condomínio,2,2,285,1195948.79,2018-01-29,Sim,Behind party future act alone black.
45,"420 Julie Mill, Aprilmouth, TX 62266",Casa,4,1,327,145980.59,2008-04-25,Sim,Few crime development cold issue rate.
46,"USNS Fernandez, FPO AA 76752",Casa,5,4,281,109085.53,2013-01-28,Não,Resource receive popular beautiful onto charge necessary several hard over race.
47,"1058 Compton Stravenue, Changhaven, RI 37620",Terreno,1,4,341,1771239.43,1993-05-28,Não,Goal box fall car never think only discussion opportunity age.
48,"679 Rose Tunnel, Amyburgh, VI 32604",Apartamento,3,1,474,255239.32,1998-07-09,Sim,Stage behavior force figure out choose how see prevent.
49,"645 Charles Crescent, Dustinside, PW 91606",Apartamento,6,4,447,1764516.35,1990-04-03,Não,Church member use TV market off vote term upon.
50,"2734 Ritter Flat Suite 309, Martinezshire, AR 29547",Terreno,6,1,481,750683.19,2022-03-06,Sim,Heart property employee describe camera machine tell plan expert today personal life.
51,"1215 Paul Falls, Ayalaville, KS 25874",Loft,1,4,46,263727.01,1997-05-13,Sim,Ask like will art health financial contain.
52,"11792 Andrea Orchard, West Jeffville, WA 90441",Terreno,5,1,490,981012.6,2000-09-11,Não,Government customer little size every onto small.
53,"84273 Tamara Parkway Suite 763, Port Williamhaven, IN 56310",Terreno,6,3,430,1606438.32,1992-04-05,Sim,Him score man deal fly beautiful that.
54,"079 Patricia Dale Apt. 495, New Gerald, MN 31270",Casa,2,4,211,1582526.61,2014-10-07,Não,Family opportunity wonder notice stage challenge number least attention early.
55,"233 Richardson Ville Suite 244, South Joshua, SD 78157",Loft,5,2,451,1845414.83,2014-06-06,Sim,Inside serve account last important read girl reality miss.
56,"70426 Casey Stravenue Apt. 133, Andersonburgh, SD 06382",Apartamento,5,4,40,1812688.19,2013-02-22,Não,Very indicate call understand movement that crime road think represent opportunity yet.
57,"8534 Wright Isle, Carrollchester, NV 51789",Apartamento,4,4,267,636763.3,2018-03-04,Não,Know throw beyond Democrat throughout benefit cultural we billion health four.
58,"171 Weeks Court Apt. 704, New Taylorberg, NM 02149",Apartamento,3,3,351,1003047.65,2020-01-09,Não,Upon stay get could him hold occur real high skin.
59,"294 Sweeney Lodge Suite 179, West John, ME 98321",Chácara,5,2,281,841188.85,2008-01-12,Não,Develop force rich bar third admit ability.
60,"PSC 6645, Box 2515, APO AP 88630",Loft,5,4,318,939665.39,2016-06-25,Não,Capital individual particularly report government window war from car short anyone table.
61,"826 Gonzalez Mission Apt. 026, Lake Allison, MT 72896",Terreno,1,1,303,373344.27,1990-09-02,Sim,Baby southern land discover arrive enough finally have.
62,"884 Sean Walks, Oneillmouth, VI 59681",Loft,2,4,388,880074.77,2016-12-11,Sim,Group important ball hotel training also we.
63,"2524 Janice Camp, East Matthewshire, PR 98026",Loft,2,2,213,293871.5,2019-11-11,Não,Spring business next create produce recognize key bag just research.
64,"869 James Crossroad Apt. 945, Christinabury, NV 14007",Chácara,6,2,299,1179964.91,1994-06-07,Sim,Rise them ahead leave simple reach budget network.
65,"3234 Diane Heights Suite 511, Lake Frederickland, MO 84625",Apartamento,5,1,146,1835287.07,2011-11-29,Sim,Matter pattern kid thus need message focus.
66,"258 Walker Spurs Apt. 246, Lake Erin, TN 68653",Condomínio,4,4,56,568090.32,1999-11-25,Não,Civil item whom stock as friend wife base stay social majority.
67,"024 Washington Circle Suite 080, Robersontown, PR 52225",Casa,1,1,403,620599.62,1992-08-30,Não,Picture dinner main article join chair guy into free section.
68,"3568 Hendricks Wells, Richardfurt, KY 77605",Apartamento,5,2,255,622071.13,2011-10-30,Sim,Character future structure picture consider would we half foot.
69,"3081 Allen Center Suite 865, North Michael, CO 70846",Loft,2,3,234,364294.04,2021-11-26,Não,Check effect adult kid mouth throughout success character serve black art sport.
70,"973 Amy Canyon, Ryanburgh, ME 69902",Apartamento,3,2,197,997511.43,2009-01-26,Sim,Pattern international unit serve official artist without agent.
71,"933 Jimenez Port, South Charlesberg, ND 24810",Casa,1,3,305,1390270.61,1997-06-05,Sim,Dog worker site capital make figure past figure talk office Congress.
72,"999 Jose Flat, Port Benjamin, UT 99754",Terreno,1,3,475,187975.38,1992-07-02,Não,Ahead part face system baby ask soldier size next.
73,"19991 John Forge Apt. 774, Haroldshire, OR 61991",Condomínio,2,3,238,1181751.33,2004-06-07,Sim,Painting style window final truth fight kid morning foreign.
74,"35574 Michael Ferry, South Michael, IA 46427",Chácara,2,4,237,1972907.05,2018-12-13,Sim,Language movie through seek wish player sport investment history.
75,"3007 Thompson Crest, Tylerchester, TX 80446",Apartamento,1,2,147,837236.86,1993-02-11,Não,Himself player every worker the well focus.
76,"861 Trevino Wells Apt. 859, East Deniseshire, AK 98731",Apartamento,2,2,430,859163.15,1996-05-26,Não,Most message prevent food explain break performance population feeling main year government.
77,"142 Hutchinson Corners, West Ashleymouth, KY 73392",Casa,4,2,98,1237492.57,2021-08-06,Sim,Probably avoid radio account four college.
78,"91004 Noble Mission Suite 679, Veronicaville, IA 65078",Apartamento,6,1,307,1989388.02,2007-04-11,Não,First every contain blood region forward nature.
79,"9666 Thompson Oval Apt. 872, Sanchezport, CO 27235",Apartamento,6,2,467,1037242.69,2007-04-15,Não,Daughter free him Mr fall treatment city.
80,"USNS Hawkins, FPO AE 40103",Casa,2,1,452,185777.28,2012-03-29,Não,Agreement nearly painting ok tend help.
81,"3336 Emily Ridge Suite 932, New Dianaburgh, KS 04177",Chácara,1,2,313,1678253.98,1994-06-25,Sim,Bring rate two too his kitchen.
82,"092 Erin Mount Apt. 358, Lamfurt, TX 49950",Apartamento,1,3,318,424154.86,2000-10-04,Sim,Family impact action pull or best clear seek hundred.
83,"73480 Smith Pine, East Andrew, IL 66311",Loft,1,4,207,1725321.99,2010-12-21,Não,Green hour official agreement test different best affect major prove part minute.
84,"2998 Lee Trail, Port Karenton, RI 78265",Chácara,6,4,178,222351.52,2000-04-04,Não,Standard he goal attention hotel might the city guy PM brother.
85,"24524 Richard Center Suite 263, Tylerburgh, AL 31400",Casa,3,3,213,1433479.72,2003-06-11,Sim,Protect upon she ahead table cause plant.
86,"28919 Brittany Course, Port Nicole, RI 80120",Loft,3,2,206,886647.2,2012-04-16,Sim,Remember owner buy than glass time interview minute performance special product necessary pattern.
87,"400 James Terrace Apt. 365, West Sherylhaven, KY 71121",Casa,5,3,485,150633.29,1991-02-28,Sim,Player resource live industry human part cold buy through.
88,"884 Mary Route, Hullfort, ME 56682",Loft,2,3,264,1576530.02,2007-03-29,Sim,Send personal analysis stage decision be expect same field result who middle out.
89,"4993 Clarence Falls Suite 065, East Lisaberg, SD 30762",Casa,1,2,180,1824422.26,2002-09-13,Não,Never between red marriage need standard order hard identify available wrong letter level.
90,"3484 Moss Point, Mooreshire, TN 70094",Condomínio,1,3,226,693292.51,2021-02-28,Não,Risk represent lose key occur the number out every.
91,"PSC 9834, Box 5590, APO AA 87707",Loft,2,1,241,898755.65,2021-12-09,Não,Over degree realize husband security book summer quality cause such two Mr.
92,"9577 Scott Union, Port Stephaniemouth, WI 88296",Condomínio,5,4,168,425972.59,2003-12-21,Sim,Us hold product sea community it success.
93,"4568 Klein Avenue, West Benjamin, VA 86724",Chácara,5,4,376,856494.38,2019-03-27,Não,Guess for strong might action alone main quite over civil cover.
94,"36490 Lisa Spurs Suite 593, North Cameronmouth, NE 26701",Casa,5,4,347,1421569.08,1991-02-26,Sim,Commercial view whom character increase skin share central popular later when themselves threat.
95,"6679 Campbell Forges Apt. 348, New Christopherchester, ND 15182",Casa,4,2,64,569133.9,1992-10-06,Sim,Condition answer citizen support above when.
96,"6314 Keller Fords, Rachelhaven, MS 65000",Condomínio,4,1,421,542248.32,2016-08-10,Não,State many special development keep never address.
97,"7424 Robinson Vista, South Joseph, AK 93918",Condomínio,6,4,264,845761.8,2013-10-09,Sim,Police wide these our brother run approach.
98,"588 Knapp Ridge Apt. 931, Sydneyburgh, VA 00634",Chácara,5,3,461,549316.84,2021-02-06,Sim,Somebody hold seek easy leave respond unit attorney case president.
99,"35981 Samuel Hills Suite 311, New Richard, OR 72272",Casa,4,1,394,1594411.04,2012-01-23,Sim,Usually practice yes beat hit particularly ground if home person.
100,"5348 Richard Falls Suite 366, Hooverhaven, NV 04277",Terreno,5,3,115,878799.84,1998-04-26,Sim,Power maybe court myself according century.
